{"id":25628,"imagePath":"723cf4ee-8503-43e2-8def-b0c11d53bdf0/v1/template_image.png","readItemList":[{"id":2160087,"globalId":"c653ebb3-62e0-4c9e-b9dc-5d3ad8abade9","name":"トリム","partOrder":1,"rowCount":0,"columnCount":0,"x":0.288004,"y":0.0587231,"width":0.0753479,"height":0.0559278,"readType":"all","recognitionThreshold":0.1,"charLength":1,"checkboxCompareRate":null,"dataItemConfig":{"id":2263758,"globalId":"c5455810-62de-44b8-802f-b9ac02c4fc4d","firstDataCheckType":null,"secondDataCheckType":null,"thirdDataCheckType":null,"atypicalClass":null,"atypicalExtensionDetailItem":null,"extractionItem":null,"isAppliedImageCorrection":false,"dataItemList":null,"processedDataItemConfigList":null,"audit":{"createdAt":"2024-04-05T04:23:00.268874","updatedAt":"2024-04-05T04:23:00.268874"},"firstCheckAndOcrOnly":false,"checkRound2TimesOrMore":false},"dividedReadItemList":[],"maskAreaList":[],"audit":{"createdAt":"2024-04-05T04:23:00.257974","updatedAt":"2024-04-05T04:23:00.257974"},"readTypeKind":"READ","dividedGroupWithTategakiAll":false},{"id":2160088,"globalId":"9cd54359-6db2-492d-87fe-149e05d3e18f","name":"生年月日","partOrder":2,"rowCount":0,"columnCount":0,"x":0.291835,"y":0.174187,"width":0.154527,"height":0.045103,"readType":"all","recognitionThreshold":0.1,"charLength":1,"checkboxCompareRate":null,"dataItemConfig":{"id":2263759,"globalId":"1123f916-cbb0-4827-9df9-edbcef2248b2","firstDataCheckType":null,"secondDataCheckType":null,"thirdDataCheckType":null,"atypicalClass":null,"atypicalExtensionDetailItem":null,"extractionItem":null,"isAppliedImageCorrection":false,"dataItemList":null,"processedDataItemConfigList":null,"audit":{"createdAt":"2024-04-05T04:23:00.314381","updatedAt":"2024-04-05T04:23:00.314381"},"firstCheckAndOcrOnly":false,"checkRound2TimesOrMore":false},"dividedReadItemList":[],"maskAreaList":[],"audit":{"createdAt":"2024-04-05T04:23:00.311227","updatedAt":"2024-04-05T04:23:00.311227"},"readTypeKind":"READ","dividedGroupWithTategakiAll":false},{"id":2160089,"globalId":"1db2007c-7594-47e9-ae5c-9c43fdf63db1","name":"マージ","partOrder":3,"rowCount":0,"columnCount":0,"x":0.290558,"y":0.228311,"width":0.0510833,"height":0.0342783,"readType":"all","recognitionThreshold":0.1,"charLength":1,"checkboxCompareRate":null,"dataItemConfig":{"id":2263760,"globalId":"465524ca-1ba6-47e7-8e37-d424ec38cea9","firstDataCheckType":null,"secondDataCheckType":null,"thirdDataCheckType":null,"atypicalClass":null,"atypicalExtensionDetailItem":null,"extractionItem":null,"isAppliedImageCorrection":false,"dataItemList":null,"processedDataItemConfigList":null,"audit":{"createdAt":"2024-04-05T04:23:00.336956","updatedAt":"2024-04-05T04:23:00.336956"},"firstCheckAndOcrOnly":false,"checkRound2TimesOrMore":false},"dividedReadItemList":[],"maskAreaList":[],"audit":{"createdAt":"2024-04-05T04:23:00.334485","updatedAt":"2024-04-05T04:23:00.334485"},"readTypeKind":"READ","dividedGroupWithTategakiAll":false},{"id":2160090,"globalId":"62fae131-5511-454a-ae6d-55cf3679dae5","name":"マージ","partOrder":4,"rowCount":0,"columnCount":0,"x":0.290558,"y":0.268001,"width":0.0498063,"height":0.0270618,"readType":"all","recognitionThreshold":0.1,"charLength":1,"checkboxCompareRate":null,"dataItemConfig":{"id":2263761,"globalId":"3dadd043-4015-49b3-80f1-26dc9500bd71","firstDataCheckType":null,"secondDataCheckType":null,"thirdDataCheckType":null,"atypicalClass":null,"atypicalExtensionDetailItem":null,"extractionItem":null,"isAppliedImageCorrection":false,"dataItemList":null,"processedDataItemConfigList":null,"audit":{"createdAt":"2024-04-05T04:23:00.349887","updatedAt":"2024-04-05T04:23:00.349887"},"firstCheckAndOcrOnly":false,"checkRound2TimesOrMore":false},"dividedReadItemList":[],"maskAreaList":[],"audit":{"createdAt":"2024-04-05T04:23:00.347011","updatedAt":"2024-04-05T04:23:00.347011"},"readTypeKind":"READ","dividedGroupWithTategakiAll":false},{"id":2160091,"globalId":"ba951c40-7c2c-4611-8537-161b2babb625","name":"文字列変換","partOrder":5,"rowCount":0,"columnCount":0,"x":0.291835,"y":0.3113,"width":0.160913,"height":0.0360824,"readType":"all","recognitionThreshold":0.1,"charLength":1,"checkboxCompareRate":null,"dataItemConfig":{"id":2263762,"globalId":"fe212f83-ccf8-4128-88cc-048a67ef702a","firstDataCheckType":null,"secondDataCheckType":null,"thirdDataCheckType":null,"atypicalClass":null,"atypicalExtensionDetailItem":null,"extractionItem":null,"isAppliedImageCorrection":false,"dataItemList":null,"processedDataItemConfigList":null,"audit":{"createdAt":"2024-04-05T04:23:00.364687","updatedAt":"2024-04-05T04:23:00.364687"},"firstCheckAndOcrOnly":false,"checkRound2TimesOrMore":false},"dividedReadItemList":[],"maskAreaList":[],"audit":{"createdAt":"2024-04-05T04:23:00.363357","updatedAt":"2024-04-05T04:23:00.363357"},"readTypeKind":"READ","dividedGroupWithTategakiAll":false},{"id":2160092,"globalId":"eefd08e3-c73d-490a-bbd4-6c2976393796","name":"西暦変換","partOrder":6,"rowCount":0,"columnCount":0,"x":0.286727,"y":0.381661,"width":0.125154,"height":0.0487113,"readType":"all","recognitionThreshold":0.1,"charLength":1,"checkboxCompareRate":null,"dataItemConfig":{"id":2263763,"globalId":"54adf7d4-5169-43c8-92a7-2866e473221e","firstDataCheckType":null,"secondDataCheckType":null,"thirdDataCheckType":null,"atypicalClass":null,"atypicalExtensionDetailItem":null,"extractionItem":null,"isAppliedImageCorrection":false,"dataItemList":null,"processedDataItemConfigList":null,"audit":{"createdAt":"2024-04-05T04:23:00.378129","updatedAt":"2024-04-05T04:23:00.378129"},"firstCheckAndOcrOnly":false,"checkRound2TimesOrMore":false},"dividedReadItemList":[],"maskAreaList":[],"audit":{"createdAt":"2024-04-05T04:23:00.374624","updatedAt":"2024-04-05T04:23:00.374624"},"readTypeKind":"READ","dividedGroupWithTategakiAll":false},{"id":2160093,"globalId":"5291e06c-8278-45ed-b64a-6e8aaa4175b2","name":"文字列切り出し","partOrder":7,"rowCount":0,"columnCount":0,"x":0.29439,"y":0.464651,"width":0.123877,"height":0.0414948,"readType":"all","recognitionThreshold":0.1,"charLength":1,"checkboxCompareRate":null,"dataItemConfig":{"id":2263764,"globalId":"54a24ef2-698e-44da-b7e5-d72c3d38f305","firstDataCheckType":null,"secondDataCheckType":null,"thirdDataCheckType":null,"atypicalClass":null,"atypicalExtensionDetailItem":null,"extractionItem":null,"isAppliedImageCorrection":false,"dataItemList":null,"processedDataItemConfigList":null,"audit":{"createdAt":"2024-04-05T04:23:00.397677","updatedAt":"2024-04-05T04:23:00.397677"},"firstCheckAndOcrOnly":false,"checkRound2TimesOrMore":false},"dividedReadItemList":[],"maskAreaList":[],"audit":{"createdAt":"2024-04-05T04:23:00.395304","updatedAt":"2024-04-05T04:23:00.395304"},"readTypeKind":"READ","dividedGroupWithTategakiAll":false},{"id":2160094,"globalId":"53039b8e-2e70-4df7-a10f-fb08670dd55b","name":"行分割","partOrder":8,"rowCount":3,"columnCount":1,"x":0.288004,"y":0.517872,"width":0.0383125,"height":0.0947164,"readType":"all","recognitionThreshold":0.1,"charLength":1,"checkboxCompareRate":null,"dataItemConfig":{"id":2263765,"globalId":"dafda931-2e71-4788-9f8d-c402bce80312","firstDataCheckType":null,"secondDataCheckType":null,"thirdDataCheckType":null,"atypicalClass":null,"atypicalExtensionDetailItem":null,"extractionItem":null,"isAppliedImageCorrection":false,"dataItemList":null,"processedDataItemConfigList":null,"audit":{"createdAt":"2024-04-05T04:23:00.411744","updatedAt":"2024-04-05T04:23:00.411744"},"firstCheckAndOcrOnly":false,"checkRound2TimesOrMore":false},"dividedReadItemList":[{"id":137825,"rowIndex":1,"columnIndex":1,"readItemRelatedWidth":1.0,"readItemRelatedHeight":0.333333,"readType":"all","recognitionThreshold":0.1,"charLength":1,"checkboxCompareRate":null,"audit":{"createdAt":"2024-04-05T04:23:00.422358","updatedAt":"2024-04-05T04:23:00.422358"}},{"id":137826,"rowIndex":2,"columnIndex":1,"readItemRelatedWidth":1.0,"readItemRelatedHeight":0.333333,"readType":"all","recognitionThreshold":0.1,"charLength":1,"checkboxCompareRate":null,"audit":{"createdAt":"2024-04-05T04:23:00.424583","updatedAt":"2024-04-05T04:23:00.424583"}},{"id":137827,"rowIndex":3,"columnIndex":1,"readItemRelatedWidth":1.0,"readItemRelatedHeight":0.333333,"readType":"all","recognitionThreshold":0.1,"charLength":1,"checkboxCompareRate":null,"audit":{"createdAt":"2024-04-05T04:23:00.425731","updatedAt":"2024-04-05T04:23:00.425731"}}],"maskAreaList":[],"audit":{"createdAt":"2024-04-05T04:23:00.408766","updatedAt":"2024-04-05T04:23:00.408766"},"readTypeKind":"READ","dividedGroupWithTategakiAll":false},{"id":2160095,"globalId":"e8783bcb-6a51-4cb0-bb62-e721db047d76","name":"入力フラグ","partOrder":9,"rowCount":0,"columnCount":0,"x":0.282272,"y":0.618238,"width":0.0408667,"height":0.0469072,"readType":"all","recognitionThreshold":0.1,"charLength":1,"checkboxCompareRate":null,"dataItemConfig":{"id":2263766,"globalId":"142f7ab8-ae35-453b-8121-faddbd9b56ad","firstDataCheckType":null,"secondDataCheckType":null,"thirdDataCheckType":null,"atypicalClass":null,"atypicalExtensionDetailItem":null,"extractionItem":null,"isAppliedImageCorrection":false,"dataItemList":null,"processedDataItemConfigList":null,"audit":{"createdAt":"2024-04-05T04:23:00.430088","updatedAt":"2024-04-05T04:23:00.430088"},"firstCheckAndOcrOnly":false,"checkRound2TimesOrMore":false},"dividedReadItemList":[],"maskAreaList":[],"audit":{"createdAt":"2024-04-05T04:23:00.42762","updatedAt":"2024-04-05T04:23:00.42762"},"readTypeKind":"READ","dividedGroupWithTategakiAll":false},{"id":2160096,"globalId":"5eb17808-63d7-4ebd-a14c-86ae1cd8a7a6","name":"2つ以上チェックフラグ","partOrder":10,"rowCount":0,"columnCount":0,"x":0.291212,"y":0.704836,"width":0.0344813,"height":0.045103,"readType":"checkbox","recognitionThreshold":0.1,"charLength":1,"checkboxCompareRate":null,"dataItemConfig":{"id":2263767,"globalId":"e8d4741d-9120-45bf-af52-1e83d87d05b4","firstDataCheckType":null,"secondDataCheckType":null,"thirdDataCheckType":null,"atypicalClass":null,"atypicalExtensionDetailItem":null,"extractionItem":null,"isAppliedImageCorrection":false,"dataItemList":null,"processedDataItemConfigList":null,"audit":{"createdAt":"2024-04-05T04:23:00.441222","updatedAt":"2024-04-05T04:23:00.441222"},"firstCheckAndOcrOnly":false,"checkRound2TimesOrMore":false},"dividedReadItemList":[],"maskAreaList":[],"audit":{"createdAt":"2024-04-05T04:23:00.438956","updatedAt":"2024-04-05T04:23:00.438956"},"readTypeKind":"READ","dividedGroupWithTategakiAll":false},{"id":2160097,"globalId":"ea58475d-c4f7-4f35-b91f-1613ce243817","name":"2つ以上チェックフラグ","partOrder":11,"rowCount":0,"columnCount":0,"x":0.332078,"y":0.703032,"width":0.0332042,"height":0.0469072,"readType":"checkbox","recognitionThreshold":0.1,"charLength":1,"checkboxCompareRate":null,"dataItemConfig":{"id":2263768,"globalId":"fa836808-a493-4cc0-a58c-5ff3417d41f5","firstDataCheckType":null,"secondDataCheckType":null,"thirdDataCheckType":null,"atypicalClass":null,"atypicalExtensionDetailItem":null,"extractionItem":null,"isAppliedImageCorrection":false,"dataItemList":null,"processedDataItemConfigList":null,"audit":{"createdAt":"2024-04-05T04:23:00.453171","updatedAt":"2024-04-05T04:23:00.453171"},"firstCheckAndOcrOnly":false,"checkRound2TimesOrMore":false},"dividedReadItemList":[],"maskAreaList":[],"audit":{"createdAt":"2024-04-05T04:23:00.450408","updatedAt":"2024-04-05T04:23:00.450408"},"readTypeKind":"READ","dividedGroupWithTategakiAll":false},{"id":2160098,"globalId":"e7f51f44-e87a-42d8-abe6-3b5e98a1537a","name":"複数末尾判定フラグ","partOrder":12,"rowCount":0,"columnCount":0,"x":0.295043,"y":0.760764,"width":0.0574688,"height":0.0342783,"readType":"all","recognitionThreshold":0.1,"charLength":1,"checkboxCompareRate":null,"dataItemConfig":{"id":2263769,"globalId":"a91253e0-7f1f-4e85-a389-764af23a0e93","firstDataCheckType":null,"secondDataCheckType":null,"thirdDataCheckType":null,"atypicalClass":null,"atypicalExtensionDetailItem":null,"extractionItem":null,"isAppliedImageCorrection":false,"dataItemList":null,"processedDataItemConfigList":null,"audit":{"createdAt":"2024-04-05T04:23:00.466339","updatedAt":"2024-04-05T04:23:00.466339"},"firstCheckAndOcrOnly":false,"checkRound2TimesOrMore":false},"dividedReadItemList":[],"maskAreaList":[],"audit":{"createdAt":"2024-04-05T04:23:00.463459","updatedAt":"2024-04-05T04:23:00.463459"},"readTypeKind":"READ","dividedGroupWithTategakiAll":false},{"id":2160099,"globalId":"3034a501-3484-4e78-b061-709376a10ff4","name":"セル値置換","partOrder":13,"rowCount":0,"columnCount":0,"x":0.292489,"y":0.804063,"width":0.0727938,"height":0.0432989,"readType":"all","recognitionThreshold":0.1,"charLength":1,"checkboxCompareRate":null,"dataItemConfig":{"id":2263770,"globalId":"18bcb62c-f760-425c-a022-d1f648d924df","firstDataCheckType":null,"secondDataCheckType":null,"thirdDataCheckType":null,"atypicalClass":null,"atypicalExtensionDetailItem":null,"extractionItem":null,"isAppliedImageCorrection":false,"dataItemList":null,"processedDataItemConfigList":null,"audit":{"createdAt":"2024-04-05T04:23:00.484052","updatedAt":"2024-04-05T04:23:00.484052"},"firstCheckAndOcrOnly":false,"checkRound2TimesOrMore":false},"dividedReadItemList":[],"maskAreaList":[],"audit":{"createdAt":"2024-04-05T04:23:00.475427","updatedAt":"2024-04-05T04:23:00.475427"},"readTypeKind":"READ","dividedGroupWithTategakiAll":false},{"id":2160100,"globalId":"159f22cc-a442-433b-9424-3923cb1b50ac","name":"1セル入力","partOrder":14,"rowCount":3,"columnCount":1,"x":0.702433,"y":0.0661771,"width":0.0370354,"height":0.102835,"readType":"all","recognitionThreshold":0.1,"charLength":1,"checkboxCompareRate":null,"dataItemConfig":{"id":2263771,"globalId":"6046aeb6-9bfa-4ac5-9398-eb0d686153b5","firstDataCheckType":null,"secondDataCheckType":null,"thirdDataCheckType":null,"atypicalClass":null,"atypicalExtensionDetailItem":null,"extractionItem":null,"isAppliedImageCorrection":false,"dataItemList":null,"processedDataItemConfigList":null,"audit":{"createdAt":"2024-04-05T04:23:00.496116","updatedAt":"2024-04-05T04:23:00.496116"},"firstCheckAndOcrOnly":false,"checkRound2TimesOrMore":false},"dividedReadItemList":[{"id":137828,"rowIndex":1,"columnIndex":1,"readItemRelatedWidth":1.0,"readItemRelatedHeight":0.333333,"readType":"all","recognitionThreshold":0.1,"charLength":1,"checkboxCompareRate":null,"audit":{"createdAt":"2024-04-05T04:23:00.504033","updatedAt":"2024-04-05T04:23:00.504033"}},{"id":137829,"rowIndex":2,"columnIndex":1,"readItemRelatedWidth":1.0,"readItemRelatedHeight":0.333333,"readType":"all","recognitionThreshold":0.1,"charLength":1,"checkboxCompareRate":null,"audit":{"createdAt":"2024-04-05T04:23:00.505071","updatedAt":"2024-04-05T04:23:00.505071"}},{"id":137830,"rowIndex":3,"columnIndex":1,"readItemRelatedWidth":1.0,"readItemRelatedHeight":0.333333,"readType":"all","recognitionThreshold":0.1,"charLength":1,"checkboxCompareRate":null,"audit":{"createdAt":"2024-04-05T04:23:00.506033","updatedAt":"2024-04-05T04:23:00.506033"}}],"maskAreaList":[],"audit":{"createdAt":"2024-04-05T04:23:00.493287","updatedAt":"2024-04-05T04:23:00.493287"},"readTypeKind":"READ","dividedGroupWithTategakiAll":false},{"id":2160101,"globalId":"d1f7cb31-bb67-4bd0-8719-e20dc00694de","name":"セル値セット","partOrder":15,"rowCount":0,"columnCount":0,"x":0.706264,"y":0.17262,"width":0.111106,"height":0.0469072,"readType":"all","recognitionThreshold":0.1,"charLength":1,"checkboxCompareRate":null,"dataItemConfig":{"id":2263772,"globalId":"ab7c589f-a6fa-44ad-8231-869de8d3b2e7","firstDataCheckType":null,"secondDataCheckType":null,"thirdDataCheckType":null,"atypicalClass":null,"atypicalExtensionDetailItem":null,"extractionItem":null,"isAppliedImageCorrection":false,"dataItemList":null,"processedDataItemConfigList":null,"audit":{"createdAt":"2024-04-05T04:23:00.510444","updatedAt":"2024-04-05T04:23:00.510444"},"firstCheckAndOcrOnly":false,"checkRound2TimesOrMore":false},"dividedReadItemList":[],"maskAreaList":[],"audit":{"createdAt":"2024-04-05T04:23:00.508008","updatedAt":"2024-04-05T04:23:00.508008"},"readTypeKind":"READ","dividedGroupWithTategakiAll":false},{"id":2160102,"globalId":"21d346c9-723e-4295-ae06-5612f64f7e46","name":"含む値判定フラグセット","partOrder":16,"rowCount":0,"columnCount":0,"x":0.704987,"y":0.230352,"width":0.0587458,"height":0.0378866,"readType":"all","recognitionThreshold":0.1,"charLength":1,"checkboxCompareRate":null,"dataItemConfig":{"id":2263773,"globalId":"5fa6396f-c619-48d4-bd90-29b7f7326da4","firstDataCheckType":null,"secondDataCheckType":null,"thirdDataCheckType":null,"atypicalClass":null,"atypicalExtensionDetailItem":null,"extractionItem":null,"isAppliedImageCorrection":false,"dataItemList":null,"processedDataItemConfigList":null,"audit":{"createdAt":"2024-04-05T04:23:00.519846","updatedAt":"2024-04-05T04:23:00.519846"},"firstCheckAndOcrOnly":false,"checkRound2TimesOrMore":false},"dividedReadItemList":[],"maskAreaList":[],"audit":{"createdAt":"2024-04-05T04:23:00.518719","updatedAt":"2024-04-05T04:23:00.518719"},"readTypeKind":"READ","dividedGroupWithTategakiAll":false},{"id":2160103,"globalId":"548fc943-9014-4476-854e-1265d51a6703","name":"改行文字削除","partOrder":17,"rowCount":0,"columnCount":0,"x":0.704987,"y":0.306125,"width":0.0344813,"height":0.0757731,"readType":"all","recognitionThreshold":0.1,"charLength":1,"checkboxCompareRate":null,"dataItemConfig":{"id":2263774,"globalId":"cbce4390-6f92-44fc-927a-fb6681419477","firstDataCheckType":null,"secondDataCheckType":null,"thirdDataCheckType":null,"atypicalClass":null,"atypicalExtensionDetailItem":null,"extractionItem":null,"isAppliedImageCorrection":false,"dataItemList":null,"processedDataItemConfigList":null,"audit":{"createdAt":"2024-04-05T04:23:00.531071","updatedAt":"2024-04-05T04:23:00.531071"},"firstCheckAndOcrOnly":false,"checkRound2TimesOrMore":false},"dividedReadItemList":[],"maskAreaList":[],"audit":{"createdAt":"2024-04-05T04:23:00.528583","updatedAt":"2024-04-05T04:23:00.528583"},"readTypeKind":"READ","dividedGroupWithTategakiAll":false},{"id":2160104,"globalId":"3fb12b6a-3741-4e64-a0a0-cd65752d3e2d","name":"ゼロ埋め半角スペース埋め処理","partOrder":18,"rowCount":0,"columnCount":0,"x":0.706264,"y":0.387311,"width":0.0689625,"height":0.0396907,"readType":"all","recognitionThreshold":0.1,"charLength":1,"checkboxCompareRate":null,"dataItemConfig":{"id":2263775,"globalId":"2d4de64a-2508-43b3-862b-b1bcebdacbc5","firstDataCheckType":null,"secondDataCheckType":null,"thirdDataCheckType":null,"atypicalClass":null,"atypicalExtensionDetailItem":null,"extractionItem":null,"isAppliedImageCorrection":false,"dataItemList":null,"processedDataItemConfigList":null,"audit":{"createdAt":"2024-04-05T04:23:00.543083","updatedAt":"2024-04-05T04:23:00.543083"},"firstCheckAndOcrOnly":false,"checkRound2TimesOrMore":false},"dividedReadItemList":[],"maskAreaList":[],"audit":{"createdAt":"2024-04-05T04:23:00.540717","updatedAt":"2024-04-05T04:23:00.540717"},"readTypeKind":"READ","dividedGroupWithTategakiAll":false},{"id":2160105,"globalId":"50c01b44-6142-4cfa-8007-ef9dd0060a25","name":"文字切り出し処理","partOrder":19,"rowCount":0,"columnCount":0,"x":0.701156,"y":0.513599,"width":0.132817,"height":0.045103,"readType":"all","recognitionThreshold":0.1,"charLength":1,"checkboxCompareRate":null,"dataItemConfig":{"id":2263776,"globalId":"58f2ea3e-e625-4c60-835a-d8a7a048fef8","firstDataCheckType":null,"secondDataCheckType":null,"thirdDataCheckType":null,"atypicalClass":null,"atypicalExtensionDetailItem":null,"extractionItem":null,"isAppliedImageCorrection":false,"dataItemList":null,"processedDataItemConfigList":null,"audit":{"createdAt":"2024-04-05T04:23:00.554312","updatedAt":"2024-04-05T04:23:00.554312"},"firstCheckAndOcrOnly":false,"checkRound2TimesOrMore":false},"dividedReadItemList":[],"maskAreaList":[],"audit":{"createdAt":"2024-04-05T04:23:00.551695","updatedAt":"2024-04-05T04:23:00.551695"},"readTypeKind":"READ","dividedGroupWithTategakiAll":false},{"id":2160106,"globalId":"f4375b31-115a-4922-a979-35a02f5598de","name":"年齢","partOrder":20,"rowCount":0,"columnCount":0,"x":0.702433,"y":0.616434,"width":0.13154,"height":0.0613401,"readType":"all","recognitionThreshold":0.1,"charLength":1,"checkboxCompareRate":null,"dataItemConfig":{"id":2263777,"globalId":"7ab99ef2-41d4-46c8-b653-733de7cca15c","firstDataCheckType":null,"secondDataCheckType":null,"thirdDataCheckType":null,"atypicalClass":null,"atypicalExtensionDetailItem":null,"extractionItem":null,"isAppliedImageCorrection":false,"dataItemList":null,"processedDataItemConfigList":null,"audit":{"createdAt":"2024-04-05T04:23:00.565552","updatedAt":"2024-04-05T04:23:00.565552"},"firstCheckAndOcrOnly":false,"checkRound2TimesOrMore":false},"dividedReadItemList":[],"maskAreaList":[],"audit":{"createdAt":"2024-04-05T04:23:00.563268","updatedAt":"2024-04-05T04:23:00.563268"},"readTypeKind":"READ","dividedGroupWithTategakiAll":false},{"id":2160107,"globalId":"ddae0be5-d7db-457a-9eb7-881feb0301e5","name":"文字列フォーマット","partOrder":21,"rowCount":0,"columnCount":0,"x":0.703369,"y":0.702949,"width":0.0567593,"height":0.0432989,"readType":"all","recognitionThreshold":0.1,"charLength":1,"checkboxCompareRate":null,"dataItemConfig":{"id":2263778,"globalId":"5ededfc4-b57d-48b0-bcc4-01ab40c501ab","firstDataCheckType":null,"secondDataCheckType":null,"thirdDataCheckType":null,"atypicalClass":null,"atypicalExtensionDetailItem":null,"extractionItem":null,"isAppliedImageCorrection":false,"dataItemList":null,"processedDataItemConfigList":null,"audit":{"createdAt":"2024-04-05T04:23:00.579541","updatedAt":"2024-04-05T04:23:00.579541"},"firstCheckAndOcrOnly":false,"checkRound2TimesOrMore":false},"dividedReadItemList":[],"maskAreaList":[],"audit":{"createdAt":"2024-04-05T04:23:00.574981","updatedAt":"2024-04-05T04:23:00.574981"},"readTypeKind":"READ","dividedGroupWithTategakiAll":false},{"id":2160108,"globalId":"7ef12e98-a405-420a-bb1d-2ca466ad909a","name":"指定文字による分割","partOrder":22,"rowCount":0,"columnCount":0,"x":0.704504,"y":0.749455,"width":0.0692462,"height":0.0513172,"readType":"all","recognitionThreshold":0.1,"charLength":1,"checkboxCompareRate":null,"dataItemConfig":{"id":2263779,"globalId":"d9d4542e-cbe3-4c9b-93d4-bdecf6cf0ec4","firstDataCheckType":null,"secondDataCheckType":null,"thirdDataCheckType":null,"atypicalClass":null,"atypicalExtensionDetailItem":null,"extractionItem":null,"isAppliedImageCorrection":false,"dataItemList":null,"processedDataItemConfigList":null,"audit":{"createdAt":"2024-04-05T04:23:00.590384","updatedAt":"2024-04-05T04:23:00.590384"},"firstCheckAndOcrOnly":false,"checkRound2TimesOrMore":false},"dividedReadItemList":[],"maskAreaList":[],"audit":{"createdAt":"2024-04-05T04:23:00.588103","updatedAt":"2024-04-05T04:23:00.588103"},"readTypeKind":"READ","dividedGroupWithTategakiAll":false},{"id":2160109,"globalId":"59b588d9-5993-43c5-9cf7-e7e33503d17b","name":"全角変換","partOrder":23,"rowCount":0,"columnCount":0,"x":0.704504,"y":0.80879,"width":0.0840037,"height":0.0400917,"readType":"all","recognitionThreshold":0.1,"charLength":1,"checkboxCompareRate":null,"dataItemConfig":{"id":2263780,"globalId":"5b8fa00b-8670-43dd-80a9-d28b7712f56f","firstDataCheckType":null,"secondDataCheckType":null,"thirdDataCheckType":null,"atypicalClass":null,"atypicalExtensionDetailItem":null,"extractionItem":null,"isAppliedImageCorrection":false,"dataItemList":null,"processedDataItemConfigList":null,"audit":{"createdAt":"2024-04-05T04:23:00.600998","updatedAt":"2024-04-05T04:23:00.600998"},"firstCheckAndOcrOnly":false,"checkRound2TimesOrMore":false},"dividedReadItemList":[],"maskAreaList":[],"audit":{"createdAt":"2024-04-05T04:23:00.598203","updatedAt":"2024-04-05T04:23:00.598203"},"readTypeKind":"READ","dividedGroupWithTategakiAll":false}],"workflowRevision":{"id":29715,"globalId":"299b1e20-f93f-421b-998e-25c3eafca56c","revision":4,"isCurrentRevision":true,"revisionStatus":2,"name":"定型帳票from旧UI (辞書なし)","outputFileName":"","outputFileNameType":2,"outputCharCode":"2","outputNewLineCode":null,"outputHeaderType":1,"isAppliedDataCheck":true,"isAppliedDataProcessing":true,"isAppliedOcrResultCorrection":false,"isAppliedImageCorrection":false,"isAppliedItemExtractionImageCorrection":false,"fileType":null,"ocrKindType":1,"firstDataCheckType":1,"secondDataCheckType":null,"thirdDataCheckType":null,"hasAdvancedCheckSetting":false,"dataCheckFilterHighPriority":true,"dataCheckFilterMiddlePriority":true,"dataCheckFilterLowPriority":true,"atypicalDetailType":1,"isAtypicalExtensionDetailFirstLine":true,"dataItemConfigList":null,"dataItemProcessingConfigList":null,"dataItemProcessingConditionConfigList":null,"processedDataItemConfigList":null,"imageCorrection":{"id":22465,"redWeight":0.299,"greenWeight":0.587,"blueWeight":0.114,"appliedHsv":false,"hsvHueMin":0,"hsvHueMax":255,"hsvSatMin":0,"hsvSatMax":200,"hsvValMin":0,"hsvValMax":180,"binarizationType":1,"smoothedFilterType":1,"matrixBinarizationMaskSize":9,"matrixBinarizationAbsoluteBlack":100,"matrixBinarizationAbsoluteWhite":200,"thresholdBinarizationValue":150,"audit":{"createdAt":"2024-04-05T04:23:00.975628","updatedAt":"2024-04-05T04:23:00.975628"}},"ocrResultCorrectionList":null,"weightedPreset":0,"workflow":{"id":14254,"globalId":"723cf4ee-8503-43e2-8def-b0c11d53bdf0","folder":{"id":3860,"globalId":"11f70cef-5788-4cab-9e17-be7e28e9e4f7","name":"後藤","folderOrder":418,"workflowList":null,"ownedDepartment":{"id":1,"globalId":"e66ae12e-1e47-4b0e-8812-ec8aaa0988d5","name":"Neptune共通テスト環境","idpUpdatedAt":"2019-11-14T15:49:14","deletedAt":null,"audit":{"createdAt":"2023-01-16T07:45:09.610681","updatedAt":"2023-01-16T07:45:09.610681"}},"audit":{"createdAt":"2024-03-28T07:42:45.080444","updatedAt":"2024-03-28T07:42:45.080444"},"deletedAt":null,"isDefault":false},"applicationType":1,"extractionRules":null,"registerViaType":3,"learningStatusType":2,"workflowOrder":3,"deletedAt":null,"audit":{"createdAt":"2024-04-05T04:21:37.288949","updatedAt":"2024-04-05T04:21:39.759811"}},"atypicalModel":null,"itemExtractionSetting":null,"unitList":null,"exportFilePath":null,"fullOcr":{"concatenate":null,"areaDivisionType":null,"selectedAreas":[],"fullOcrUnitList":null},"audit":{"createdAt":"2024-04-05T04:23:00.10359","updatedAt":"2024-04-05T04:23:22.588954"},"atypicalModelTable":null},"audit":{"createdAt":"2024-04-05T04:23:00.107374","updatedAt":"2024-04-05T04:23:00.985076"}}